E101,ram,singh,ram.singh@gmail.com,45
E102,anand,kishor,anand.kishor@gmail.com,50
E103,saurav,anand,sauravanand@gmail.com,56
E104,sonu,kumar,sonu.kumar@gmail.com,45
E105,luabccy,shurbhi,lucyshurbhi@gmail.com,35
E106,somya,kumari,smyskumari@gmail.com,65
E107,ashutosh,kumar,ashukumar@gmail.com,58
E108,raam,sinbgh,ram.sidngh@gmail.com,45
E109,ancand,kibshor,anandd.kishor@gmail.com,50
E110,saucrav,anband,sauradvanand@gmail.com,56
E111,sonuc,kumarb,sonu.kumdar@gmail.com,45
E112,lucyc,shurbhbi,lucyshudrbhi@gmail.com,35
E113,somyac,kumarib,smyskumadri@gmail.com,65
E114,ashutocsh,kumabr,ashukumdar@gmail.com,58
E1015,ram,singh,ram.singh@gmail.com,45
E1016,anand,kishor,anand.kishor@gmail.com,50
E1017,saurav,anand,sauravanand@gmail.com,56
E1018,sonu,kumar,sonu.kumar@gmail.com,45
E1019,luabccy,shurbhi,lucyshurbhi@gmail.com,35
E1020,somya,kumari,smyskumari@gmail.com,65
E1021,ashutosh,kumar,ashukumar@gmail.com,58
E1022,raam,sinbgh,ram.sidngh@gmail.com,45
E1023,ancand,kibshor,anandd.kishor@gmail.com,50
E1124,saucrav,anband,sauradvanand@gmail.com,56
E1125,sonuc,kumarb,sonu.kumdar@gmail.com,45
E1126,lucyc,shurbhbi,lucyshudrbhi@gmail.com,35
E1127,somyac,kumarib,smyskumadri@gmail.com,65
E1128,ashutocsh,kumabr,ashukumdar@gmail.com,58